Article_Month,Article_Title,Article_Category,Article_ID
January,21st-Century Sports: How Digital Technology Is Changing the Face Of The Sporting Industry,technology,article-jan-0418
January,Asian quake hits European shares,business,article-jan-0027
January,BT offers free net phone calls,technology,article-jan-0631
January,Barclays shares up on merger talk,business,article-jan-2105
January,Barkley fit for match in Ireland,sport,article-jan-3300
January,Bellamy under new fire,sport,article-jan-4187
January,Benitez 'to launch Morientes bid',sport,article-jan-1974
January,Benitez delight after crucial win,sport,article-jan-3666
January,Big war games battle it out,technology,article-jan-2629
January,British Library gets wireless net,technology,article-jan-2415
January,Brizzel to run AAA's in Sheffield,sport,article-jan-4210
January,Bush budget seeks deep cutbacks,business,article-jan-4789
January,Bush to get 'tough' on deficit,business,article-jan-3452
January,Cable offers video-on-demand,technology,article-jan-2428
January,Cabs collect mountain of mobiles,technology,article-jan-4766
January,Camera phones are 'must-haves',technology,article-jan-2595
January,Card fraudsters 'targeting web',business,article-jan-2935
January,Cash gives way to flexible friend,business,article-jan-0578
January,Cebit opens to mobile music tune,technology,article-jan-3023
January,Charvis set to lose fitness bid,sport,article-jan-2356
January,Chelsea hold Arsenal,sport,article-jan-1023
January,Christmas sales worst since 1981,business,article-jan-0641
January,Clijsters set for February return,sport,article-jan-2461
January,Clyde 0-5 Celtic,sport,article-jan-4541
January,Coach Ranieri sacked by Valencia,sport,article-jan-1259
January,Confusion over high-definition TV,technology,article-jan-4007
January,Cuba winds back economic clock,business,article-jan-4171
January,DS aims to touch gamers,technology,article-jan-0272
January,Dawson set for new Wasps contract,sport,article-jan-4894
January,Diageo to buy US wine firm,business,article-jan-4504
January,Digital guru floats sub-$100 PC,technology,article-jan-1740
January,EU aiming to fuel development aid,business,article-jan-2390
January,Article no longer available in archive,N/A,N/A
January,England 17-18 France,sport,article-jan-4471
January,Enron bosses in $168m payout,business,article-jan-3978
January,Euronext 'poised to make LSE bid',business,article-jan-2209
January,Europe asks Asia for euro help,business,article-jan-0858
January,Europe blames US over weak dollar,business,article-jan-3187
January,Fannie Mae 'should restate books',business,article-jan-1282
January,Featured: 'Brainwave' cap controls computer,technology,article-jan-3414
January,Featured: 'Evil twin' fear for wireless net,technology,article-jan-2289
January,Featured: 'Friends fear' with lost mobiles,technology,article-jan-1899
January,Article no longer available in archive,N/A,N/A
January,Featured: 'Post-Christmas lull' in lending,business,article-jan-3686
January,Fed warns of more US rate rises,business,article-jan-3679
January,Federer forced to dig deep,sport,article-jan-1469
January,Ferguson puts faith in youngsters,sport,article-jan-4815
January,GE sees 'excellent' world economy,business,article-jan-1761
January,GM issues 2005 profits warning,business,article-jan-4519
January,Gangsters dominate gaming chart,technology,article-jan-0248
January,Gardener wins double in Glasgow,sport,article-jan-1280
January,Article no longer available in archive,N/A,N/A
January,Gazprom 'in $36m back-tax claim',business,article-jan-0154
January,German growth goes into reverse,business,article-jan-4182
January,Germany calls for EU reform,business,article-jan-3155
January,Go-ahead for new internet names,technology,article-jan-0502
January,Greek duo cleared in doping case,sport,article-jan-1027
January,Hansen 'delays return until 2006',sport,article-jan-3810
January,Article no longer available in archive,N/A,N/A
January,Henman & Murray claim LTA awards,sport,article-jan-1481
January,Henman decides to quit Davis Cup,sport,article-jan-2551
January,Hi-tech posters guide commuters,technology,article-jan-0989
January,Hodgson shoulders England blame,sport,article-jan-0633
January,Hollywood to sue net film pirates,technology,article-jan-1566
January,Holmes secures comeback victory,sport,article-jan-0791
January,House prices suffer festive fall,business,article-jan-2691
January,IAAF launches fight against drugs,sport,article-jan-3650
January,India-Pakistan peace boosts trade,business,article-jan-1867
January,Iraqi voters turn to economic issues,business,article-jan-2835
January,Jansen suffers a further setback,sport,article-jan-1079
January,Latest Opera browser gets vocal,technology,article-jan-4592
January,Laura Ashley chief stepping down,business,article-jan-4111
January,Learning to love broadband,technology,article-jan-0599
January,Mac Mini heralds mini revolution,technology,article-jan-0969
January,Macy's owner buys rival for $11bn,business,article-jan-2042
January,Madagascar completes currency switch,business,article-jan-0050
January,McLeish ready for criticism,sport,article-jan-4860
January,Mobile games come of age,technology,article-jan-0180
January,More power to the people says HP,technology,article-jan-1582
January,Mourinho sends out warning shot,sport,article-jan-4456
January,Moya suffers shock loss,sport,article-jan-3002
January,Moyes U-turn on Beattie dismissal,sport,article-jan-2380
January,Murray returns to Scotland fold,sport,article-jan-3243
January,Mystery surrounds new Yukos owner,business,article-jan-3151
January,Off-colour Gardener storms to win,sport,article-jan-2619
January,Oil companies get Russian setback,business,article-jan-1811
January,Owen may have to return home,sport,article-jan-3831
January,Pearce keen on succeeding Keegan,sport,article-jan-4567
January,Poles play with GameBoy 'blip-pop',technology,article-jan-3938
January,Premier League probes Cole claims,sport,article-jan-4175
January,Prodigy Monfils blows away Gaudio,sport,article-jan-0237
January,Remote control rifle range debuts,technology,article-jan-0924
January,Robinson ready for difficult task,sport,article-jan-1731
January,Row brewing over peer-to-peer ads,technology,article-jan-3981
January,Rusedski angry over supplements,sport,article-jan-2769
January,S Korean lender faces liquidation,business,article-jan-2140
January,SFA awaits report over Mikoliunas,sport,article-jan-3329
January,Safin cool on Wimbledon,sport,article-jan-1087
January,Safin plays down Wimbledon hopes,sport,article-jan-0480
January,Satellite mapping aids Darfur relief,technology,article-jan-2591
January,Search sites get closer to users,technology,article-jan-2407
January,Security scares spark browser fix,technology,article-jan-1520
January,Senior Fannie Mae bosses resign,business,article-jan-3036
January,Solutions to net security fears,technology,article-jan-1051
January,Split-caps pay £194m compensation,business,article-jan-2864
January,Sports Stock Tips,sport,article-jan-4078
January,Strong quarterly growth for Nike,business,article-jan-0269
January,T-Mobile bets on 'pocket office',technology,article-jan-1728
January,Thanou desperate to make return,sport,article-jan-0976
January,Thompson says Gerrard should stay,sport,article-jan-3315
January,Time to get tough on friendlies?,sport,article-jan-3425
January,US peer-to-peer pirates convicted,technology,article-jan-1296
January,US top of supercomputing charts,technology,article-jan-4675
January,Venezuela and China sign oil deal,business,article-jan-3694
January,Weak end-of-year sales hit Next,business,article-jan-1550
January,Williams says he will never quit,sport,article-jan-1587
January,Winemaker rejects Foster's offer,business,article-jan-0587
January,Worldcom boss 'left books alone',business,article-jan-1650
January,Xbox 2 may be unveiled in summer,technology,article-jan-0867
January,Xbox power cable 'fire fear',technology,article-jan-0457
January,Yangtze Electric's profits double,business,article-jan-2075
January,Yukos loses US bankruptcy battle,business,article-jan-3244
February,7 business technology trends to watch,business,article-feb-3392
February,A November to remember,sport,article-feb-0704
February,A question of trust and technology,technology,article-feb-0913
February,Ad sales boost Time Warner profit,business,article-feb-3975
February,African double in Edinburgh,sport,article-feb-0641
February,Air passengers win new EU rights,business,article-feb-0608
February,Anti-spam screensaver scrapped,technology,article-feb-4436
February,Arsenal through on penalties,sport,article-feb-0930
February,BP surges ahead on high oil price,business,article-feb-4492
February,Bank holds interest rate at 4.75%,business,article-feb-4474
February,Bank set to leave rates on hold,business,article-feb-4340
February,Bekele sets sights on world mark,sport,article-feb-1116
February,Bitter Santini hits out at Spurs,sport,article-feb-2873
February,Blogs take on the mainstream,technology,article-feb-2303
February,Brewers' profits lose their fizz,business,article-feb-2977
February,Bush to outline 'toughest' budget,business,article-feb-4547
February,Buyers snap up Jet Airways' shares,business,article-feb-3154
February,Cairn shares up on new oil find,business,article-feb-1466
February,Campbell to extend sprint career,sport,article-feb-3116
February,Celtic make late bid for Bellamy,sport,article-feb-3641
February,Charlton 1-2 Liverpool,sport,article-feb-3724
February,Article no longer available in archive,N/A,N/A
February,Chepkemei joins Edinburgh line-up,sport,article-feb-1553
February,Article no longer available in archive,N/A,N/A
February,"Chinese billionaire targets Manchester United shares in new deal, reports suggest",business,article-feb-0192
February,Collins calls for Chambers return,sport,article-feb-2830
February,Commodore finds new lease of life,technology,article-feb-2366
February,Creator of first Apple Mac dies,technology,article-feb-3261
February,Cudicini misses Carling Cup final,sport,article-feb-2526
February,Davenport hits out at Wimbledon,sport,article-feb-3097
February,Davies favours Gloucester future,sport,article-feb-1454
February,Deutsche Telekom sees mobile gain,business,article-feb-0258
February,"Dibaba breaks 5,000m world record",sport,article-feb-4548
February,Dogged Federer claims Dubai crown,sport,article-feb-0679
February,Dollar hovers around record lows,business,article-feb-1000
February,Dundee Utd 4-1 Aberdeen,sport,article-feb-1821
February,EC calls truce in deficit battle,business,article-feb-4494
February,EU-US seeking deal on air dispute,business,article-feb-0250
February,Egypt and Israel seal trade deal,business,article-feb-2382
February,Egypt to sell off state-owned bank,business,article-feb-4407
February,El Guerrouj targets cross country,sport,article-feb-3768
February,FA ready to test out goal bleeper,sport,article-feb-3375
February,Article no longer available in archive,N/A,N/A
February,FBI agent colludes with analyst,business,article-feb-2553
February,Fast moving phone bugs appear,technology,article-feb-2750
February,Article no longer available in archive,N/A,N/A
February,Ferguson fears Milan cutting edge,sport,article-feb-0829
February,Finnan says Irish can win group,sport,article-feb-3941
February,Fit-again Betsen in France squad,sport,article-feb-1333
February,Five million Germans out of work,business,article-feb-3708
February,Format wars could 'confuse users',technology,article-feb-1684
February,Giggs handed Wales leading role,sport,article-feb-4876
February,Gritty return for Prince of Persia,technology,article-feb-1493
February,Hewitt survives Nalbandian epic,sport,article-feb-0113
February,Honda wins China copyright ruling,business,article-feb-2502
February,India seeks to boost construction,business,article-feb-2351
February,India's Deccan gets more planes,business,article-feb-1245
February,Indy buys into India paper,business,article-feb-2809
February,Intercom raises €101m in funding round making it the most valuable Irish tech firm,business,article-feb-4569
February,Iranian MPs threaten mobile deal,business,article-feb-4323
February,Irish company hit by Iraqi report,business,article-feb-3937
February,Italy aim to rattle England,sport,article-feb-1582
February,Italy to get economic action plan,business,article-feb-1312
February,Juninho demand for O'Neill talks,sport,article-feb-2836
February,Kenyon denies Robben Barca return,sport,article-feb-0505
February,Kerr frustrated at victory margin,sport,article-feb-3556
February,Klinsmann issues Lehmann warning,sport,article-feb-4691
February,LSE 'sets date for takeover deal',business,article-feb-4543
February,Lewis-Francis eyeing world gold,sport,article-feb-3028
February,Lifestyle 'governs mobile choice',technology,article-feb-1960
February,Looks and music to drive mobiles,technology,article-feb-4127
February,Man Utd through after Exeter test,sport,article-feb-4247
February,Martinez sees off Vinci challenge,sport,article-feb-2114
February,Microsoft makes anti-piracy move,technology,article-feb-0571
February,Middlesbrough 2-2 Charlton,sport,article-feb-0451
February,Mido makes third apology,sport,article-feb-1201
February,Millions buy MP3 players in US,technology,article-feb-4578
February,Mixed signals from French economy,business,article-feb-3474
February,Mobile picture power in your pocket,technology,article-feb-4987
February,Moore questions captaincy,sport,article-feb-4718
February,More Africans for tsunami game,sport,article-feb-2135
February,Murphy: That was a bruising battle,sport,article-feb-1118
February,Navratilova hits out at critics,sport,article-feb-4768
February,O'Driscoll out of Scotland game,sport,article-feb-4017
February,O'Gara revels in Ireland victory,sport,article-feb-1005
February,Owen dismisses fresh Real rumours,sport,article-feb-0504
February,PC ownership to 'double by 2010',technology,article-feb-1308
February,Paris promise raises Welsh hopes,sport,article-feb-2371
February,Parmalat sues 45 banks over crash,business,article-feb-3067
February,Progress on new internet domains,technology,article-feb-1134
February,Qantas considers offshore option,business,article-feb-1004
February,Radcliffe tackles marathon tasks,sport,article-feb-0814
February,Rangers seal Old Firm win,sport,article-feb-4229
February,Record fails to lift lacklustre meet,sport,article-feb-0630
February,Record year for Chilean copper,business,article-feb-2030
February,Republic to face China and Italy,sport,article-feb-1336
February,Robben sidelined with broken foot,sport,article-feb-3074
February,Robots learn 'robotiquette' rules,technology,article-feb-1812
February,Rolling out next generation's net,technology,article-feb-1149
February,Russia WTO talks 'make progress',business,article-feb-0800
February,Screensaver tackles spam websites,technology,article-feb-2206
February,Slim PlayStation triples sales,technology,article-feb-0110
February,Standard Life concern at LSE bid,business,article-feb-3700
February,"Steel firm 'to cut' 45,000 jobs",business,article-feb-4539
February,Stuart joins Norwich from Addicks,sport,article-feb-0707
February,Article no longer available in archive,N/A,N/A
February,Sun offers processing by the hour,technology,article-feb-2055
February,Tech helps disabled speed demons,technology,article-feb-4838
February,Telewest to challenge Sky Plus,technology,article-feb-2802
February,Thanou bullish over drugs hearing,sport,article-feb-2640
February,The Force is strong in Battlefront,technology,article-feb-4399
February,The gaming world in 2005,technology,article-feb-0406
February,Turkey knocks six zeros off lira,business,article-feb-2304
February,UK Coal plunges into deeper loss,business,article-feb-2170
February,US trade gap ballooned in October,business,article-feb-3783
February,Unilever shake up as profit slips,business,article-feb-4402
February,Wales get Williams fitness boost,sport,article-feb-1028
February,Wales stars need a rest - Ruddock,sport,article-feb-2316
February,Wall Street cool to eBay's profit,business,article-feb-0243
February,Warnings about junk mail deluge,technology,article-feb-2017
February,Web radio takes Spanish rap global,technology,article-feb-2660
February,Wenger shock at Newcastle dip,sport,article-feb-0224
February,When invention turns to innovation,technology,article-feb-2955
February,Who do you think you are?,technology,article-feb-4616
February,Wilkinson to miss Ireland match,sport,article-feb-0576
February,Winn-Dixie files for bankruptcy,business,article-feb-0519
February,Yukos sues four firms for $20bn,business,article-feb-1952
March,A year to remember for Irish,sport,article-mar-1126
March,An Irish Athletics Year,sport,article-mar-3331
March,Arnesen denies rift with Santini,sport,article-mar-3141
March,Asia shares defy post-quake gloom,business,article-mar-3697
March,Bank payout to Pinochet victims,business,article-mar-3655
March,Barcelona title hopes hit by loss,sport,article-mar-2120
March,Bargain calls widen Softbank loss,business,article-mar-2380
March,Bayern Munich 3-1 Arsenal,sport,article-mar-1445
March,Benitez deflects blame from Dudek,sport,article-mar-1627
March,Blog reading explodes in America,technology,article-mar-0220
March,Broadband challenges TV viewing,technology,article-mar-1595
March,Broadband in the UK growing fast,technology,article-mar-4085
March,Calder fears for Scottish rugby,sport,article-mar-2495
March,Captains lining up for Aid match,sport,article-mar-4902
March,Celts savour Grand Slam prospect,sport,article-mar-3484
March,Chelsea ridiculed over complaint,sport,article-mar-1905
March,China keeps tight rein on credit,business,article-mar-1702
March,China net cafe culture crackdown,technology,article-mar-4607
March,China suspends 26 power projects,business,article-mar-4510
March,Christmas shoppers flock to tills,business,article-mar-1543
March,Collins named UK Athletics chief,sport,article-mar-0210
March,Court mulls file-sharing future,technology,article-mar-1989
March,Crude oil prices back above $50,business,article-mar-4293
March,Cyber criminals step up the pace,technology,article-mar-0521
March,DVD copy protection strengthened,technology,article-mar-3692
March,Deutsche attacks Yukos case,business,article-mar-2874
March,Disappointed Scott in solid start,sport,article-mar-3420
March,Durex maker SSL awaits firm bid,business,article-mar-3360
March,EA to take on film and TV giants,technology,article-mar-0037
March,Edu blasts Arsenal,sport,article-mar-2432
March,Article no longer available in archive,N/A,N/A
March,Europe backs digital TV lifestyle,technology,article-mar-1244
March,Farrell saga to drag on - Lindsay,sport,article-mar-1251
March,Featured: 'Golden economic period' to end,business,article-mar-0183
March,Feta cheese battle reaches court,business,article-mar-2000
March,Firms pump billions into pensions,business,article-mar-3083
March,First look at PlayStation 3 chip,technology,article-mar-3722
March,Ford gains from finance not cars,business,article-mar-1165
March,Fuming Robinson blasts officials,sport,article-mar-2123
March,GB quartet get cross country call,sport,article-mar-3909
March,Gadget market 'to grow in 2005',technology,article-mar-0579
March,Gadgets galore on show at fair,technology,article-mar-3023
March,Games help you 'learn and play',technology,article-mar-0977
March,Gaming firm to sell UK dog tracks,business,article-mar-4216
March,Germany nears 1990 jobless level,business,article-mar-2195
March,Greek pair attend drugs hearing,sport,article-mar-4576
March,Gronkjaer agrees switch to Madrid,sport,article-mar-2382
March,Article no longer available in archive,N/A,N/A
March,Half of UK's mobiles 'go online',technology,article-mar-0012
March,Hantuchova in Dubai last eight,sport,article-mar-4343
March,Have hackers recruited your PC?,technology,article-mar-3567
March,Healey targets England comeback,sport,article-mar-1674
March,High fuel costs hit US airlines,business,article-mar-3810
March,High fuel prices hit BA's profits,business,article-mar-3301
March,Hotspot users gain free net calls,technology,article-mar-2795
March,House prices drop as sales slow,business,article-mar-3037
March,House prices show slight increase,business,article-mar-1629
March,ITunes user sues Apple over iPod,technology,article-mar-0481
March,India widens access to telecoms,business,article-mar-0388
March,Iran jails blogger for 14 years,technology,article-mar-1453
March,Irish duo could block Man Utd bid,business,article-mar-1606
March,Italy 8-38 Wales,sport,article-mar-1230
March,Johnson uncertain about Euro bid,sport,article-mar-3153
March,Kirwan demands Italy consistency,sport,article-mar-0170
March,Liberian economy starts to grow,business,article-mar-4481
March,Malaysia lifts Islamic bank limit,business,article-mar-4754
March,Man Utd stroll to Cup win,sport,article-mar-3612
March,Man auctions ad space on forehead,technology,article-mar-3927
March,Manufacturing recovery 'slowing',business,article-mar-4340
March,Markets signal Brazilian recovery,business,article-mar-1335
March,Merritt close to indoor 400m mark,sport,article-mar-2040
March,Microsoft debuts security tools,technology,article-mar-0033
March,Microsoft releases patches,technology,article-mar-2536
March,Minister hits out at Yukos sale,business,article-mar-4512
March,Mirza shocks Kuznetsova,sport,article-mar-4615
March,Article no longer available in archive,N/A,N/A
March,Mourinho receives Robson warning,sport,article-mar-4246
March,Moya emotional after Davis Cup win,sport,article-mar-4861
March,Nasdaq planning $100m share sale,business,article-mar-4279
March,Newcastle 2-1 Bolton,sport,article-mar-4599
March,Newcastle to join Morientes race,sport,article-mar-2276
March,News Corp makes $5.4bn Fox offer,business,article-mar-1739
March,Nigeria to boost cocoa production,business,article-mar-4407
March,Nintendo DS aims to touch gamers,technology,article-mar-3144
March,Novartis hits acquisition trail,business,article-mar-0182
March,Profits stall at China's Lenovo,business,article-mar-2488
March,Putin backs state grab for Yukos,business,article-mar-4584
March,Quiksilver moves for Rossignol,business,article-mar-4102
March,Redknapp poised for Saints,sport,article-mar-3792
March,Robertson out to retain Euro lure,sport,article-mar-0131
March,Seamen sail into biometric future,technology,article-mar-4398
March,Singapore growth at 8.1% in 2004,business,article-mar-0463
March,Article no longer available in archive,N/A,N/A
March,Slovakia reach Hopman Cup final,sport,article-mar-0029
March,Sociedad set to rescue Mladenovic,sport,article-mar-4749
March,Sony wares win innovation award,technology,article-mar-3392
March,Soros group warns of Kazakh close,business,article-mar-0952
March,Sport-loving inventors whose tech could change the game,technology,article-mar-1203
March,Sprinter Walker quits athletics,sport,article-mar-2048
March,Article no longer available in archive,N/A,N/A
March,Stock market eyes Japan recovery,business,article-mar-3318
March,Swiss cement firm in buying spree,business,article-mar-2788
March,Text message record smashed,technology,article-mar-4562
March,The pirates with no profit motive,technology,article-mar-0620
March,Tsunami to cost Sri Lanka $1.3bn,business,article-mar-4001
March,UK Athletics agrees new kit deal,sport,article-mar-1599
March,US cyber security chief resigns,technology,article-mar-2785
March,US hacker breaks into T-Mobile,technology,article-mar-1454
March,US industrial output growth eases,business,article-mar-1913
March,"US insurer Marsh cuts 2,500 jobs",business,article-mar-4140
March,US manufacturing expands,business,article-mar-4357
March,US to rule on Yukos refuge call,business,article-mar-4898
March,Van Nistelrooy set to return,sport,article-mar-0550
March,Vickery upbeat about arm injury,sport,article-mar-2508
March,Video phones act as dating tools,technology,article-mar-2039
March,Virgin Blue shares plummet 20%,business,article-mar-4111
March,Article no longer available in archive,N/A,N/A
March,Wada will appeal against ruling,sport,article-mar-4582
March,Wales critical of clumsy Grewcock,sport,article-mar-3651
March,Wales silent on Grand Slam talk,sport,article-mar-3663
March,Wenger rules out new keeper,sport,article-mar-4500
March,Wenger signs new deal,sport,article-mar-1916
April,Axa Sun Life cuts bonus payments,business,article-apr-1897
April,BT boosts its broadband packages,technology,article-apr-2967
April,Bates seals takeover,sport,article-apr-2939
April,Beckham virus spotted on the net,technology,article-apr-0145
April,Broadband fuels online expression,technology,article-apr-1938
April,Broadband in the UK gathers pace,technology,article-apr-1748
April,Burren awarded Egyptian contracts,business,article-apr-2559
April,Business fears over sluggish EU economy,business,article-apr-1306
April,Candela completes Bolton switch,sport,article-apr-2454
April,Cannabis hopes for drug firm,business,article-apr-0039
April,Castaignede fires Laporte warning,sport,article-apr-1044
April,Casual gaming to 'take off',technology,article-apr-2151
April,Chelsea sack Mutu,sport,article-apr-2808
April,China Aviation seeks rescue deal,business,article-apr-4324
April,Classy Henman makes winning start,sport,article-apr-2873
April,Collins banned in landmark case,sport,article-apr-4741
April,Concerns over Windows ATMs,technology,article-apr-0433
April,Connors boost for British tennis,sport,article-apr-4890
April,Crossrail link 'to get go-ahead',business,article-apr-4575
April,Article no longer available in archive,N/A,N/A
April,Cyber crime booms in 2004,technology,article-apr-0228
April,Disney backs Sony DVD technology,technology,article-apr-4827
April,Dollar slides ahead of New Year,business,article-apr-1926
April,Economy 'stronger than forecast',business,article-apr-1571
April,Electrolux to export Europe jobs,business,article-apr-1904
April,Ethiopia's crop production up 24%,business,article-apr-3933
April,FA charges Liverpool and Millwall,sport,article-apr-4960
April,FA probes crowd trouble,sport,article-apr-4241
April,Format wars could 'confuse users',technology,article-apr-4901
April,GM in crunch talks on Fiat future,business,article-apr-0724
April,Game makers get Xbox 2 sneak peek,technology,article-apr-4907
April,Gamers could drive high-definition,technology,article-apr-3088
April,Google launches TV search service,technology,article-apr-0395
April,Harinordoquy suffers France axe,sport,article-apr-4460
April,Hearts of Oak 3-2 Cotonsport,sport,article-apr-0524
April,Hodges announces rugby retirement,sport,article-apr-3536
April,Holmes feted with further honour,sport,article-apr-4694
April,Honour for UK games maker,technology,article-apr-3827
April,Houllier praises Benitez regime,sport,article-apr-2270
April,Humanoid robot learns how to run,technology,article-apr-0205
April,Ireland v USA (Sat),sport,article-apr-1858
April,Isinbayeva heads for Birmingham,sport,article-apr-3390
April,Israeli club look to Africa,sport,article-apr-3841
April,Junk e-mails on relentless rise,technology,article-apr-4467
April,Kluft impressed by Sotherton form,sport,article-apr-3842
April,Latin America sees strong growth,business,article-apr-3718
April,Libya takes $1bn in unfrozen funds,business,article-apr-0784
April,Loyalty cards idea for TV addicts,technology,article-apr-2677
April,Man City 1-1 Newcastle,sport,article-apr-3475
April,McCall earns Tannadice reprieve,sport,article-apr-2558
April,McClaren eyes Uefa Cup top spot,sport,article-apr-2706
April,McClaren hails Boro's Uefa spirit,sport,article-apr-4921
April,McIlroy aiming for Madrid title,sport,article-apr-0240
April,Microsoft makes anti-piracy move,technology,article-apr-2106
April,Microsoft seeking spyware trojan,technology,article-apr-0622
April,Mild winter drives US oil down 6%,business,article-apr-4699
April,Millions to miss out on the net,technology,article-apr-4622
April,Minister digs in over doping row,sport,article-apr-2061
April,Mirza makes Indian tennis history,sport,article-apr-0646
April,Mitsubishi in Peugeot link talks,business,article-apr-4064
April,Mobile multimedia slow to catch on,technology,article-apr-4854
April,Mobiles 'not media players yet',technology,article-apr-4446
April,Morientes admits to Reds struggle,sport,article-apr-0150
April,Mourinho plots impressive course,sport,article-apr-3146
April,Mourinho says race is almost over,sport,article-apr-1270
April,Article no longer available in archive,N/A,N/A
April,Moya sidesteps Davis Cup in 2005,sport,article-apr-2879
April,Nadal marches on in Mexico,sport,article-apr-1276
April,Nintendo adds media playing to DS,technology,article-apr-0061
April,O'Connell rejects Lions rumours,sport,article-apr-1620
April,O'Driscoll concern at Fifa ruling,sport,article-apr-2704
April,Oil prices fall back from highs,business,article-apr-4823
April,Ore costs hit global steel firms,business,article-apr-0564
April,Parry relishes Anfield challenge,sport,article-apr-0338
April,Peugeot deal boosts Mitsubishi,business,article-apr-4399
April,Article no longer available in archive,N/A,N/A
April,PlayStation 3 chip to be unveiled,technology,article-apr-4686
April,Portable PlayStation ready to go,technology,article-apr-2813
April,Premier League planning Cole date,sport,article-apr-0953
April,Qantas sees profits fly to record,business,article-apr-2019
April,Radcliffe yet to answer GB call,sport,article-apr-0042
April,Redknapp's Saints face Pompey tie,sport,article-apr-4569
April,Reds sink 10-man Magpies,sport,article-apr-2560
April,Reliance unit loses Anil Ambani,business,article-apr-1918
April,Rich pickings for hi-tech thieves,technology,article-apr-0857
April,Robinson out of Six Nations,sport,article-apr-0028
April,Rovers reject third Ferguson bid,sport,article-apr-1068
April,Saint-Andre anger at absent stars,sport,article-apr-4171
April,Article no longer available in archive,N/A,N/A
April,Salary scandal in Cameroon,business,article-apr-4618
April,Slimmer PlayStation triple sales,technology,article-apr-1300
April,Slovakia seal Hopman Cup success,sport,article-apr-1815
April,Smart search lets art fans browse,technology,article-apr-3833
April,Smith keen on Home series return,sport,article-apr-1205
April,South Africa sweep top awards,sport,article-apr-3471
April,Speak easy plan for media players,technology,article-apr-4435
April,Speech takes on search engines,technology,article-apr-0484
April,Tokyo says deflation 'controlled',business,article-apr-1009
April,Turkey turns on the economic charm,business,article-apr-0361
April,Turkey-Iran mobile deal 'at risk',business,article-apr-4474
April,UK 'risks breaking golden rule',business,article-apr-3423
April,UK firm faces Venezuelan land row,business,article-apr-3100
April,UK pioneers digital film network,technology,article-apr-0865
April,US bank in $515m SEC settlement,business,article-apr-0134
April,US crude prices surge above $53,business,article-apr-2219
April,Umaga ready for Lions,sport,article-apr-0182
April,Umbro profits lifted by Euro 2004,business,article-apr-4228
April,Virgin Radio offers 3G broadcast,technology,article-apr-3753
April,Virus poses as Christmas e-mail,technology,article-apr-2040
April,Voters flock to blog awards site,technology,article-apr-4036
April,Wales want rugby league training,sport,article-apr-4395
April,Wales win in Rome,sport,article-apr-4277
April,Warning over tsunami aid website,technology,article-apr-1102
April,Wolves appoint Hoddle as manager,sport,article-apr-3992
April,Wood - Ireland can win Grand Slam,sport,article-apr-3250
April,World leaders gather to face uncertainty,business,article-apr-4031
April,Worthington praises classy Villa,sport,article-apr-0896
April,Yachvili savours France comeback,sport,article-apr-3567
April,Article no longer available in archive,N/A,N/A
April,Yukos heading back to US courts,business,article-apr-3586
April,Yukos seeks court action on sale,business,article-apr-4951
April,Yukos unit fetches $9bn at auction,business,article-apr-0345
May,Air China in $1bn London listing,business,article-may-0284
May,Angry Williams rejects criticism,sport,article-may-3980
May,Apple Inc. Phone Pricing Likely To Trend Lower,business,article-may-2027
May,Argentina closes $102.6bn debt swap,business,article-may-2024
May,AstraZeneca hit by drug failure,business,article-may-2738
May,Balco case trial date pushed back,sport,article-may-4424
May,Battered dollar hits another low,business,article-may-2659
May,Beckham hints at Man Utd return,sport,article-may-4512
May,Benitez joy as Reds take control,sport,article-may-0131
May,Blind student 'hears in colour',technology,article-may-2874
May,Blogger grounded by her airline,technology,article-may-2905
May,Brazil jobless rate hits new low,business,article-may-1663
May,Broadband set to revolutionise TV,technology,article-may-1702
May,Bush website blocked outside US,technology,article-may-4777
May,Business confidence dips in Japan,business,article-may-2166
May,Businesses fail to plan for HIV,business,article-may-1662
May,Campese berates whingeing England,sport,article-may-1837
May,Cech sets clean-sheet benchmark,sport,article-may-1887
May,China 'blocks Google news site',technology,article-may-3273
May,China continues rapid growth,business,article-may-2294
May,Circuit City gets takeover offer,business,article-may-3257
May,Claxton hunting first major medal,sport,article-may-2723
May,Consumer concern over RFID tags,technology,article-may-1549
May,Continental 'may run out of cash',business,article-may-0149
May,Deadline nears for Fiat-GM deal,business,article-may-2122
May,Deutsche Boerse set to 'woo' LSE,business,article-may-4336
May,Domain system scam fear,technology,article-may-0706
May,Doors open at biggest gadget fair,technology,article-may-0573
May,Dunne keen to commit to Man City,sport,article-may-2915
May,EMI shares hit by profit warning,business,article-may-1785
May,EU to probe Alitalia 'state aid',business,article-may-1306
May,England 'to launch ref protest',sport,article-may-2222
May,Faye plans to stay at Portsmouth,sport,article-may-1674
May,Featured: 'Strong dollar' call halts slide,business,article-may-3633
May,Ferguson hails Man Utd's resolve,sport,article-may-3723
May,Fuming Robinson blasts officials,sport,article-may-2499
May,Further rise in UK jobless total,business,article-may-2400
May,Gadget growth fuels eco concerns,technology,article-may-2476
May,Gadget show heralds MP3 season,technology,article-may-2112
May,Games win for Blu-ray DVD format,technology,article-may-2581
May,German business confidence slides,business,article-may-2727
May,Gerrard future not decided by Cardiff loss,sport,article-may-0713
May,Halo 2 sells five million copies,technology,article-may-4324
May,Henin-Hardenne beaten on comeback,sport,article-may-4280
May,Hewitt falls to Dent in Adelaide,sport,article-may-0143
May,How to smash a home computer,technology,article-may-2440
May,Ireland call up uncapped Campbell,sport,article-may-1036
May,Israel looks to US for bank chief,business,article-may-0966
May,Keane defiant over Vieira bust-up,sport,article-may-4655
May,Kenya lift Chepkemei's suspension,sport,article-may-2796
May,Kraft cuts snack ads for children,business,article-may-0305
May,Lesotho textile workers lose jobs,business,article-may-2491
May,Lomu relishing return to action,sport,article-may-2781
May,Lufthansa may sue over Bush visit,business,article-may-1795
May,MCI shares climb on takeover bid,business,article-may-0332
May,MG Rover China tie-up 'delayed',business,article-may-4014
May,Making your office work for you,business,article-may-4886
May,McIlroy continues winning streak,sport,article-may-4104
May,Mobile TV tipped as one to watch,technology,article-may-1112
May,Monsanto fined $1.5m for bribery,business,article-may-0180
May,Moving mobile improves golf swing,technology,article-may-1740
May,Nadal puts Spain 2-0 up,sport,article-may-4133
May,Nasdaq planning $100m-share sale,business,article-may-0916
May,New Year's texting breaks record,technology,article-may-3761
May,Article no longer available in archive,N/A,N/A
May,New consoles promise big problems,technology,article-may-4517
May,Nintendo DS makes its Euro debut,technology,article-may-1326
May,O'Connor aims to grab opportunity,sport,article-may-0373
May,O'Leary agrees new Villa contract,sport,article-may-4484
May,Article no longer available in archive,N/A,N/A
May,O'Sullivan keeps his powder dry,sport,article-may-4229
May,Online commons to spark debate,technology,article-may-4474
May,Online games play with politics,technology,article-may-1687
May,Parmalat founder offers apology,business,article-may-1905
May,Parmalat to return to stockmarket,business,article-may-2611
May,Peer-to-peer nets 'here to stay',technology,article-may-4895
May,Pernod takeover talk lifts Domecq,business,article-may-0016
May,Profits jump at China's top bank,business,article-may-1238
May,Prop Jones ready for hard graft,sport,article-may-1947
May,Qatar and Shell in $6bn gas deal,business,article-may-2512
May,Quake's economic costs emerging,business,article-may-1598
May,Real in talks over Gravesen move,sport,article-may-4585
May,Rescue hope for Borussia Dortmund,business,article-may-4874
May,Robben and Cole earn Chelsea win,sport,article-may-0488
May,Robotic pods take on car design,technology,article-may-0292
May,Roddick in talks over new coach,sport,article-may-3235
May,SEC to rethink post-Enron rules,business,article-may-1464
May,Santy worm makes unwelcome visit,technology,article-may-2443
May,Seamen sail into biometric future,technology,article-may-2260
May,Serena becomes world number two,sport,article-may-3908
May,Smith aims to bring back respect,sport,article-may-2514
May,Soaring oil 'hits world economy',business,article-may-0985
May,Software watching while you work,technology,article-may-3855
May,Sony PSP console hits US in March,technology,article-may-0057
May,TV calls after Carroll error,sport,article-may-0549
May,TV's future down the phone line,technology,article-may-0738
May,Article no longer available in archive,N/A,N/A
May,The 'ticking budget' facing the US,business,article-may-1288
May,Train strike grips Buenos Aires,business,article-may-2467
May,UK broadband gets speed injection,technology,article-may-2263
May,US adds more jobs than expected,business,article-may-0648
May,US economy shows solid GDP growth,business,article-may-3222
May,US economy still growing says Fed,business,article-may-1355
May,US in EU tariff chaos trade row,business,article-may-3184
May,US retail sales surge in December,business,article-may-2365
May,US trade gap hits record in 2004,business,article-may-0720
May,Ukraine revisits state sell-offs,business,article-may-3287
May,Underdogs have more fun,sport,article-may-2299
May,VW considers opening Indian plant,business,article-may-0748
May,Wal-Mart to pay $14m in gun suit,business,article-may-4097
May,Wasps 31-37 Leicester,sport,article-may-2131
May,What high-definition will do to DVDs,technology,article-may-3461
May,Why Cell will get the hard sell,technology,article-may-4326
May,Wilkinson fit to face Edinburgh,sport,article-may-2814
May,Wilkinson return 'unlikely',sport,article-may-2271
May,Yahoo celebrates a decade online,technology,article-may-3619
May,Yahoo moves into desktop search,technology,article-may-0996
June,2D Metal Slug offers retro fun,technology,article-jun-1972
June,Anti-spam laws bite spammer hard,technology,article-jun-1987
June,Apple laptop is 'greatest gadget',technology,article-jun-0716
June,Apple makes blogs reveal sources,technology,article-jun-2935
June,Apple unveils low-cost 'Mac mini',technology,article-jun-4840
June,Arsenal 'may seek full share listing',business,article-jun-4479
June,BA to suspend two Saudi services,business,article-jun-1568
June,BMW drives record sales in Asia,business,article-jun-1579
June,BT offers equal access to rivals,business,article-jun-3219
June,Barwick calls for Highbury calm,sport,article-jun-1778
June,Barwick installed as new FA boss,sport,article-jun-1644
June,Be careful how you code,technology,article-jun-2609
June,Beer giant swallows Russian firm,business,article-jun-1346
June,Blinx sequel purrs nicely,technology,article-jun-3633
June,Bombardier chief to leave company,business,article-jun-3298
June,Bond game fails to shake or stir,technology,article-jun-3624
June,Britannia members' £42m windfall,business,article-jun-0532
June,California sets fines for spyware,technology,article-jun-2071
June,Call to save manufacturing jobs,business,article-jun-1491
June,Can Smith work Scottish wonders?,sport,article-jun-1294
June,Cebit fever takes over Hanover,technology,article-jun-1801
June,Chelsea clinch cup in extra-time,sport,article-jun-4596
June,China 'to overtake US net use',technology,article-jun-4483
June,China bans new tobacco factories,business,article-jun-0384
June,Davenport dismantles young rival,sport,article-jun-3025
June,Disaster claims 'less than $10bn',business,article-jun-3207
June,Dollar drops on reserves concerns,business,article-jun-3422
June,EU 'too slow' on economic reforms,business,article-jun-3285
June,English clubs make Euro history,sport,article-jun-1131
June,Ex-Boeing director gets jail term,business,article-jun-4266
June,FA decides not to punish Mourinho,sport,article-jun-4362
June,Fast lifts rise into record books,technology,article-jun-0537
June,Featured: 'Blog' picked as word of the year,technology,article-jun-1448
June,Featured: 'Brainwave' cap controls computer,technology,article-jun-4007
June,Featured: 'Podcasters' look to net money,technology,article-jun-3887
June,Fresh hope after Argentine crisis,business,article-jun-3406
June,Gadget market 'to grow in 2005',technology,article-jun-2920
June,Gates opens biggest gadget fair,technology,article-jun-2699
June,Gebrselassie in London triple bid,sport,article-jun-0332
June,Gerrard plays down European hopes,sport,article-jun-4500
June,Giant waves damage S Asia economy,business,article-jun-1482
June,Giving financial gifts to children,business,article-jun-0787
June,Golden rule boost for Chancellor,business,article-jun-2022
June,Henman hopes ended in Dubai,sport,article-jun-3687
June,Hitachi unveils 'fastest robot',technology,article-jun-3700
June,Hotspot users gain free net calls,technology,article-jun-3528
June,"How Manchester United, Knicks Wins Correlate With Stock Gains",business,article-jun-2557
June,Hyundai to build new India plant,business,article-jun-2381
June,Industrial revival hope for Japan,business,article-jun-1633
June,Insurance bosses plead guilty,business,article-jun-4342
June,Iraq and Afghanistan in WTO talks,business,article-jun-4535
June,Ireland surge past Scots,sport,article-jun-1155
June,Italy 17-28 Ireland,sport,article-jun-0553
June,JP Morgan admits US slavery links,business,article-jun-1387
June,Keegan hails comeback king Fowler,sport,article-jun-2401
June,Kenyan school turns to handhelds,technology,article-jun-4329
June,Long life promised for laptop PCs,technology,article-jun-1532
June,M&S cuts prices by average of 24%,business,article-jun-1434
June,MCI shareholder sues to stop bid,business,article-jun-2521
June,Market unfazed by Aurora setback,business,article-jun-2097
June,Microsoft takes on desktop search,technology,article-jun-2226
June,Millions 'to lose textile jobs',business,article-jun-4453
June,Mobile networks seek turbo boost,technology,article-jun-4509
June,Mobiles 'not media players yet',technology,article-jun-2467
June,Mobiles double up as bus tickets,technology,article-jun-1038
June,Mobiles rack up 20 years of use,technology,article-jun-2420
June,Article no longer available in archive,N/A,N/A
June,Mourinho takes swipe at Arsenal,sport,article-jun-4994
June,Mourinho to escape FA charge,sport,article-jun-3434
June,Net regulation 'still possible',technology,article-jun-4410
June,New delay hits EU software laws,technology,article-jun-0925
June,Newest EU members underpin growth,business,article-jun-1788
June,No lack of Christmas spirit,sport,article-jun-0749
June,O'Driscoll/Gregan lead Aid stars,sport,article-jun-4657
June,Optimism remains over UK housing,business,article-jun-2787
June,Orange colour clash set for court,business,article-jun-2319
June,Owen delighted with Real display,sport,article-jun-1141
June,Pandas benefit from wireless net,technology,article-jun-4805
June,Parents face video game lessons,technology,article-jun-0101
June,Petit career ended by knee injury,sport,article-jun-4636
June,Article no longer available in archive,N/A,N/A
June,Plymouth 3-0 Sheff Utd,sport,article-jun-1885
June,Preview: Ireland v England (Sun),sport,article-jun-1112
June,Prinz beats Hamm to Fifa trophy,sport,article-jun-4470
June,Profits slide at India's Dr Reddy,business,article-jun-3966
June,Prutton poised for lengthy FA ban,sport,article-jun-1668
June,Rivals of the £400 Apple...,technology,article-jun-1940
June,Robinson answers critics,sport,article-jun-0693
June,Rochus shocks Coria in Auckland,sport,article-jun-0583
June,"Rover deal 'may cost 2,000 jobs'",business,article-jun-4042
June,Article no longer available in archive,N/A,N/A
June,Running around the Olympics,sport,article-jun-1150
June,SA unveils 'more for all' budget,business,article-jun-0829
June,SBC plans post-takeover job cuts,business,article-jun-4361
June,Safety alert as GM recalls cars,business,article-jun-2660
June,Saudi ministry to employ women,business,article-jun-3293
June,Savvy searchers fail to spot ads,technology,article-jun-4523
June,Shares hit by MS drug suspension,business,article-jun-2536
June,Slowdown hits US factory growth,business,article-jun-0684
June,Spam e-mails tempt net shoppers,technology,article-jun-3126
June,Text messages aid disaster recovery,technology,article-jun-1396
June,The wonder of Ronaldinho,sport,article-jun-3380
June,The year search became personal,technology,article-jun-3599
June,Tomlinson stays focused on Europe,sport,article-jun-0780
June,Article no longer available in archive,N/A,N/A
June,US bank boss hails 'genius' Smith,business,article-jun-0505
June,US consumer confidence up,business,article-jun-2320
June,US trade deficit widens sharply,business,article-jun-3360
June,Uefa threat over foreign quotas,sport,article-jun-1094
June,Ukraine steel sell-off 'illegal',business,article-jun-2505
June,Ukraine trims privatisation check,business,article-jun-2405
June,Venus stunned by Farina Elia,sport,article-jun-4106
June,Video technology will not make football a mistake-free sport,sport,article-jun-0039
June,Warning over Windows Word files,technology,article-jun-2519
June,Weak dollar trims Cadbury profits,business,article-jun-1446
June,Web helps collect aid donations,technology,article-jun-1293
June,Wenger handed summer war chest,sport,article-jun-4259
June,When technology gets personal,technology,article-jun-4520
July,A decade of good website design,technology,article-jul-1745
July,Agassi fear for Melbourne,sport,article-jul-0465
July,Ailing EuroDisney vows turnaround,business,article-jul-4512
July,Ajax refuse to rule out Jol move,sport,article-jul-2758
July,Anelka apologises for criticism,sport,article-jul-4068
July,Apple attacked over sources row,technology,article-jul-1257
July,Apple iPod family expands market,technology,article-jul-2965
July,Argonaut founder rebuilds empire,technology,article-jul-2977
July,Arsenal 1-1 Sheff Utd,sport,article-jul-0794
July,Asia shares defy post-quake gloom,business,article-jul-0495
July,Aviation firms eye booming India,business,article-jul-2215
July,BT program to beat dialler scams,technology,article-jul-4187
July,Bat spit drug firm goes to market,business,article-jul-3607
July,Bees handed potential Man Utd tie,sport,article-jul-3406
July,Blackburn v Burnley,sport,article-jul-4480
July,Boeing unveils new 777 aircraft,business,article-jul-4575
July,Breaking news: US company admits Benin bribery,sport,article-jul-2829
July,Broadband in the UK growing fast,technology,article-jul-4356
July,Bryan twins keep US hopes alive,sport,article-jul-3487
July,Building giant in asbestos payout,business,article-jul-3941
July,California sets fines for spyware,technology,article-jul-4527
July,Call to overhaul UK state pension,business,article-jul-3516
July,Campbell to be Lions consultant,sport,article-jul-0165
July,Cantona issues Man Utd job hint,sport,article-jul-2340
July,Chinese exports rise 25% in 2004,business,article-jul-4614
July,Clijsters could play Aussie Open,sport,article-jul-2009
July,Corry backs skipper Robinson,sport,article-jul-2742
July,DVD copy protection strengthened,technology,article-jul-3010
July,Dallaglio his own man to the end,sport,article-jul-4101
July,Dawson wins England squad recall,sport,article-jul-2708
July,Dementieva prevails in Hong Kong,sport,article-jul-4268
July,Disney backs Sony DVD technology,technology,article-jul-4019
July,Dominici backs lacklustre France,sport,article-jul-1748
July,Dublin hi-tech labs to shut down,technology,article-jul-1249
July,Ebbers denies WorldCom fraud,business,article-jul-4170
July,England coach faces rap after row,sport,article-jul-2162
July,European losses hit GM's profits,business,article-jul-0339
July,Fifa agrees goal-line technology,sport,article-jul-2286
July,Freeze on anti-spam campaign,technology,article-jul-2988
July,French boss to leave EADS,business,article-jul-4021
July,German economy rebounds,business,article-jul-4373
July,Glazer makes new Man Utd approach,business,article-jul-4895
July,Google to scan famous libraries,technology,article-jul-4326
July,Greek sprinters 'won't run again',sport,article-jul-0662
July,Greek sprinters suspended by IAAF,sport,article-jul-2558
July,Gunners clock up winning record,sport,article-jul-3455
July,Halo 2 heralds traffic explosion,technology,article-jul-4969
July,Henson stakes early Lions claim,sport,article-jul-3422
July,Hewitt fights back to reach final,sport,article-jul-1711
July,Holmes is hit by hamstring injury,sport,article-jul-2063
July,IBM frees 500 software patents,technology,article-jul-2960
July,Article no longer available in archive,N/A,N/A
July,India's Reliance family feud heats up,business,article-jul-4915
July,India's rupee hits five-year high,business,article-jul-4812
July,Ink helps drive democracy in Asia,technology,article-jul-3520
July,Irish finish with home game,sport,article-jul-0643
July,J&J agrees $25bn Guidant deal,business,article-jul-3273
July,Johansson takes Adelaide victory,sport,article-jul-3870
July,Jones doping probe begins,sport,article-jul-0803
July,Kenteris denies faking road crash,sport,article-jul-4157
July,Khodorkovsky quits Yukos shares,business,article-jul-0297
July,Latest Opera browser gets vocal,technology,article-jul-4908
July,Article no longer available in archive,N/A,N/A
July,Legendary Dutch boss Michels dies,sport,article-jul-1013
July,Lions blow to World Cup stars,sport,article-jul-4496
July,Liverpool revel in night of glory,sport,article-jul-3168
July,Man Utd to open books to Glazer,business,article-jul-4242
July,Man Utd urged to seal Giggs deal,sport,article-jul-2527
July,Melzer shocks Agassi in San Jose,sport,article-jul-1760
July,Microsoft debuts security tools,technology,article-jul-4400
July,Millions buy MP3 players in US,technology,article-jul-4827
July,Mobile multimedia slow to catch on,technology,article-jul-4341
July,Mobiles get set for visual radio,technology,article-jul-3525
July,Mobiles rack up 20 years of use,technology,article-jul-2544
July,Molby says Gravesen is Real deal,sport,article-jul-0637
July,More power to the people says HP,technology,article-jul-4798
July,Musicians 'upbeat' about the net,technology,article-jul-2909
July,News Corp eyes video games market,business,article-jul-2815
July,Article no longer available in archive,N/A,N/A
July,No half measures with Half-Life 2,technology,article-jul-4628
July,Parmar ruled out of Davis Cup tie,sport,article-jul-1361
July,Philippoussis doubt over Open bid,sport,article-jul-0597
July,Pompeii gets digital make-over,technology,article-jul-2241
July,Q&A: Malcolm Glazer and Man Utd,business,article-jul-1728
July,Radcliffe eyes hard line on drugs,sport,article-jul-1219
July,Real will finish abandoned match,sport,article-jul-4829
July,Ref stands by Scotland decisions,sport,article-jul-1320
July,Robinson wants dual code success,sport,article-jul-2463
July,Roche 'turns down Federer offer',sport,article-jul-3438
July,Article no longer available in archive,N/A,N/A
July,Roddick splits from coach Gilbert,sport,article-jul-4719
July,Ronaldinho denies Blues interest,sport,article-jul-3289
July,S Korea spending boost to economy,business,article-jul-2439
July,S Korean consumers spending again,business,article-jul-3943
July,Saudi investor picks up the Savoy,business,article-jul-3331
July,Sella wants Michalak recall,sport,article-jul-3957
July,Share boost for feud-hit Reliance,business,article-jul-0733
July,Shares rise on new Man Utd offer,business,article-jul-0168
July,Sony PSP tipped as a 'must-have',technology,article-jul-2667
July,Souness eyes summer move for Owen,sport,article-jul-4244
July,Souped-up wi-fi is on the horizon,technology,article-jul-0334
July,South African car demand surges,business,article-jul-0645
July,Stam spices up Man Utd encounter,sport,article-jul-3380
July,Tapping-up row is so much hot air,sport,article-jul-0019
July,Technology gets the creative bug,technology,article-jul-4790
July,Technology in rugby: GPS systems continue to grow in importance,technology,article-jul-4384
July,Tindall aiming to earn Lions spot,sport,article-jul-3522
July,Tindall wants second opinion,sport,article-jul-1717
July,Tsunami 'to hit Sri Lanka banks',business,article-jul-1112
July,UK economy facing 'major risks',business,article-jul-0202
July,US Ahold suppliers face charges,business,article-jul-1885
July,US data sparks inflation worries,business,article-jul-3830
July,US interest rate rise expected,business,article-jul-0931
July,US peer-to-peer pirates convicted,technology,article-jul-1059
July,"Umaga ready for ""fearsome"" Lions",sport,article-jul-3879
July,Virus poses as Christmas e-mail,technology,article-jul-4233
July,Wal-Mart fights back at accusers,business,article-jul-0417
July,Wales coach elated with win,sport,article-jul-3332
July,Article no longer available in archive,N/A,N/A
July,Warning over US pensions deficit,business,article-jul-0589
July,Web photo storage market hots up,technology,article-jul-4193
July,Web radio takes Spanish rap global,technology,article-jul-0503
July,Wenger keeping faith with Almunia,sport,article-jul-1350
July,Wenger steps up row,sport,article-jul-1729
July,What now for British tennis?,sport,article-jul-4500
July,White admits to Balco drugs link,sport,article-jul-3874
July,World tour for top video gamers,technology,article-jul-2168
August,$1m payoff for former Shell boss,business,article-aug-3515
August,Anti-tremor mouse stops PC shakes,technology,article-aug-1123
August,Apple unveils low-cost 'Mac mini',technology,article-aug-4475
August,"Argentina, Venezuela in oil deal",business,article-aug-3384
August,Argentine great Caniggia retires,sport,article-aug-4019
August,Banker loses sexism claim,business,article-aug-0806
August,Beijingers fume over parking fees,business,article-aug-4964
August,Bell set for England debut,sport,article-aug-4265
August,Benitez issues warning to Gerrard,sport,article-aug-3926
August,Blackburn 0-1 Chelsea,sport,article-aug-4614
August,Brazil plays down Varig rescue,business,article-aug-2567
August,Britons fed up with net service,technology,article-aug-4701
August,Broadband takes on TV viewing,technology,article-aug-0893
August,Brussels raps mobile call charges,business,article-aug-4668
August,Butler strikes gold in Spain,sport,article-aug-1637
August,Chelsea denied by James heroics,sport,article-aug-0324
August,China had role in Yukos split-up,business,article-aug-0908
August,Clijsters hope on Aussie Open,sport,article-aug-1443
August,Costin aims for comeback in 2006,sport,article-aug-3079
August,DaimlerChrysler's 2004 sales rise,business,article-aug-0896
August,Dal Maso in to replace Bergamasco,sport,article-aug-4896
August,Davenport hits out at Wimbledon,sport,article-aug-3579
August,Dein concerned by Chelsea stance,sport,article-aug-4658
August,Deutsche Boerse boosts dividend,business,article-aug-2737
August,EU ministers to mull jet fuel tax,business,article-aug-1784
August,Euronext joins bid battle for LSE,business,article-aug-2063
August,Featured: 'No re-draft' for EU patent law,technology,article-aug-1532
August,Featured: 'Ultimate game' award for Doom 3,technology,article-aug-0644
August,Article no longer available in archive,N/A,N/A
August,Fed chief warning on US deficit,business,article-aug-3247
August,Ferguson rues failure to cut gap,sport,article-aug-2464
August,GM pays $2bn to evade Fiat buyout,business,article-aug-2142
August,GSK aims to stop Aids profiteers,business,article-aug-1157
August,GTA sequel is criminally good,technology,article-aug-2119
August,"Gamer buys $26,500 virtual land",technology,article-aug-3859
August,Google's toolbar sparks concern,technology,article-aug-1614
August,Greene sets sights on world title,sport,article-aug-3206
August,Henman to face Saulnier test,sport,article-aug-3335
August,Holmes back on form in Birmingham,sport,article-aug-2889
August,Home loan approvals rising again,business,article-aug-0763
August,Huge rush for Jet Airways shares,business,article-aug-0648
August,IBM puts cash behind Linux push,technology,article-aug-1226
August,India unveils anti-poverty budget,business,article-aug-2762
August,Injury doubts beset Wales squad,sport,article-aug-0319
August,"Intercom Are Doubling Their Product Teams In SF, Dublin & London",technology,article-aug-3240
August,Ireland 19-13 England,sport,article-aug-1817
August,Ireland win eclipses refereeing 'errors',sport,article-aug-0781
August,Article no longer available in archive,N/A,N/A
August,Japan economy slides to recession,business,article-aug-4887
August,Japan's ageing workforce: built to last,business,article-aug-4692
August,Article no longer available in archive,N/A,N/A
August,Japanese growth grinds to a halt,business,article-aug-0685
August,Jobs go at Oracle after takeover,business,article-aug-1101
August,Jobs growth still slow in the US,business,article-aug-1823
August,Johnson accuses British sprinters,sport,article-aug-3199
August,LSE doubts boost bidders' shares,business,article-aug-0176
August,Lasers help bridge network gaps,technology,article-aug-1452
August,Lewis-Francis turns to Christie,sport,article-aug-3112
August,Man City 0-2 Man Utd,sport,article-aug-0373
August,Man Utd women's team to be axed,sport,article-aug-4936
August,Markets fall on weak dollar fears,business,article-aug-1558
August,Marsh executive in guilty plea,business,article-aug-3754
August,McDonald's boss Bell dies aged 44,business,article-aug-2783
August,McIlroy wins 800m indoor title,sport,article-aug-4587
August,Mexican in US send $16bn home,business,article-aug-3962
August,Microsoft launches its own search,technology,article-aug-0665
August,Microsoft releases bumper patches,technology,article-aug-3312
August,Microsoft sets sights on spyware,technology,article-aug-2549
August,Mixed Christmas for US retailers,business,article-aug-4009
August,Mixed reaction to Man Utd offer,business,article-aug-2180
August,Murray to make Cup history,sport,article-aug-3857
August,Musical future for phones,technology,article-aug-3877
August,Net fingerprints combat attacks,technology,article-aug-3101
August,New browser wins over net surfers,technology,article-aug-3408
August,News Corp eyes video games market,business,article-aug-3126
August,No seasonal lift for house market,business,article-aug-2688
August,O'Sullivan quick to hail Italians,sport,article-aug-2601
August,Online News poll indicates economic gloom,business,article-aug-1976
August,Parmalat boasts doubled profits,business,article-aug-4015
August,PlayStation 3 processor unveiled,technology,article-aug-4910
August,Podcasts mark rise of DIY radio,technology,article-aug-1990
August,Police detain Chinese milk bosses,business,article-aug-3360
August,Poll explains free-kick decision,sport,article-aug-3213
August,Radcliffe proves doubters wrong,sport,article-aug-3564
August,Radcliffe will compete in London,sport,article-aug-4998
August,Roddick into San Jose final,sport,article-aug-0801
August,Ruddock backs Yapp's credentials,sport,article-aug-4456
August,S&N extends Indian beer venture,business,article-aug-4931
August,SA return to Mauritius,sport,article-aug-4232
August,Safin slumps to shock Dubai loss,sport,article-aug-1046
August,Sales 'fail to boost High Street',business,article-aug-3940
August,Santini resigns as Spurs manager,sport,article-aug-4740
August,Serena ends Sania Mirza's dream,sport,article-aug-2812
August,Set your television to wow,technology,article-aug-0633
August,Small firms 'hit by rising costs',business,article-aug-3280
August,Souness delight at Euro progress,sport,article-aug-4746
August,Stars shine for tsunami benefit,sport,article-aug-4220
August,Strachan turns down Pompey,sport,article-aug-1720
August,Strong demand triggers oil rally,business,article-aug-1390
August,Sydney to host north v south game,sport,article-aug-2437
August,Telegraph newspapers axe 90 jobs,business,article-aug-1486
August,UK bank seals South Korean deal,business,article-aug-2512
August,UK homes hit £3.3 trillion total,business,article-aug-1933
August,US Airways staff agree to pay cut,business,article-aug-1337
August,US budget deficit to reach $368bn,business,article-aug-4172
August,US interest rates increased to 2%,business,article-aug-3301
August,US woman sues over ink cartridges,technology,article-aug-2517
August,Uganda FA suspended,sport,article-aug-4672
August,Ukraine strikes Turkmen gas deal,business,article-aug-0800
August,Video phone help for deaf people,technology,article-aug-0840
August,Viewers to be able to shape TV,technology,article-aug-4831
August,WRU proposes season overhaul,sport,article-aug-2563
August,Watchdog probes Vivendi bond sale,business,article-aug-4625
August,Weak data buffets French economy,business,article-aug-1797
August,White prepared for battle,sport,article-aug-2487
August,Williams stays on despite dispute,sport,article-aug-0053
August,Wipro beats forecasts once again,business,article-aug-1767
August,WorldCom bosses' $54m payout,business,article-aug-3362
August,Young debut cut short by Ginepri,sport,article-aug-1146
September,Adriano's Chelsea link rejected,sport,article-sep-1375
September,Alfa Romeos 'to get GM engines',business,article-sep-3874
September,Amex shares up on spin-off news,business,article-sep-0096
September,Apple attacked over sources row,technology,article-sep-3814
September,Aragones angered by racism fine,sport,article-sep-4619
September,Asian banks halt dollar's slide,business,article-sep-3639
September,Attack prompts Bush site block,technology,article-sep-4996
September,Beckham relief as Real go through,sport,article-sep-3370
September,Beckham's chat reigns in Spain,sport,article-sep-0503
September,Blatter suggests offside change,sport,article-sep-4426
September,Bomb threat at Bernabeu stadium,sport,article-sep-1785
September,Bristol City 2-1 Milton Keynes,sport,article-sep-3918
September,Cairn Energy in Indian gas find,business,article-sep-0401
September,Campbell lifts lid on United feud,sport,article-sep-2816
September,Can Yahoo dominate next decade?,technology,article-sep-3016
September,Cars pull down US retail figures,business,article-sep-2767
September,Chelsea 3-0 Portsmouth,sport,article-sep-4852
September,Chepkemei hit by big ban,sport,article-sep-1803
September,Chinese dam firm 'defies Beijing',business,article-sep-0386
September,Concern over RFID tags,technology,article-sep-3587
September,Davenport puts retirement on hold,sport,article-sep-1349
September,Dollar hits new low versus euro,business,article-sep-3570
September,Domain system opens door to scams,technology,article-sep-4970
September,"Dutch bank to lay off 2,850 staff",business,article-sep-0920
September,Edgy Agassi struggles past Dent,sport,article-sep-4665
September,Edwards tips Idowu for Euro gold,sport,article-sep-3053
September,Electronics firms eye plasma deal,business,article-sep-4093
September,England claim Dubai Sevens glory,sport,article-sep-1145
September,England's defensive crisis grows,sport,article-sep-3077
September,Ericsson sees earnings improve,business,article-sep-2562
September,FAO warns on impact of subsidies,business,article-sep-4352
September,Faultless Federer has no equal,sport,article-sep-2859
September,Fear will help France - Laporte,sport,article-sep-3900
September,Featured: 'No re-draft' for EU patent law,technology,article-sep-3760
September,Article no longer available in archive,N/A,N/A
September,Ferguson urges Henry punishment,sport,article-sep-2440
September,Ferrero eyes return to top form,sport,article-sep-2872
September,Fiat chief takes steering wheel,business,article-sep-4414
September,Football Manager scores big time,technology,article-sep-4877
September,Freeze on anti-spam campaign,technology,article-sep-3592
September,French suitor holds LSE meeting,business,article-sep-0022
September,Funding cut hits Wales Students,sport,article-sep-0232
September,Gadget show heralds MP3 Christmas,technology,article-sep-1748
September,Games firms 'face tough future',technology,article-sep-4345
September,Georgia plans hidden asset pardon,business,article-sep-1443
September,German jobless rate at new record,business,article-sep-4275
September,Gerrard happy at Anfield,sport,article-sep-0555
September,Go-ahead for Balkan oil pipeline,business,article-sep-4613
September,Golden rule 'intact' says ex-aide,business,article-sep-2949
September,Henman overcomes rival Rusedski,sport,article-sep-3287
September,Henry tipped for Fifa award,sport,article-sep-4860
September,Highbury tunnel players in clear,sport,article-sep-3046
September,Holmes urged to compete at Worlds,sport,article-sep-4890
September,How to make a gigapixel picture,technology,article-sep-3678
September,IAAF awaits Greek pair's response,sport,article-sep-3602
September,ID theft surge hits US consumers,business,article-sep-4876
September,Article no longer available in archive,N/A,N/A
September,India and Russia in energy talks,business,article-sep-4207
September,Indonesia 'declines debt freeze',business,article-sep-1238
September,Intel unveils laser breakthrough,technology,article-sep-4867
September,Iran budget seeks state sell-offs,business,article-sep-0823
September,Iraq to invite phone licence bids,business,article-sep-0254
September,Ireland 17-12 South Africa,sport,article-sep-3264
September,Ireland 21-19 Argentina,sport,article-sep-2587
September,Jarvis sells Tube stake to Spain,business,article-sep-4095
September,Krispy Kreme shares hit,business,article-sep-1406
September,Kuznetsova 'failed a drugs test',sport,article-sep-2272
September,Laporte tinkers with team,sport,article-sep-0584
September,Lions blow to World Cup winners,sport,article-sep-4404
September,Article no longer available in archive,N/A,N/A
September,Local net TV takes off in Austria,technology,article-sep-1405
September,Losing yourself in online gaming,technology,article-sep-2520
September,Media gadgets get moving,technology,article-sep-4936
September,Article no longer available in archive,N/A,N/A
September,Mobile gaming takes off in India,technology,article-sep-1696
September,More movies head to Sony's PSP,technology,article-sep-3711
September,More women turn to net security,technology,article-sep-3745
September,Mourinho expects fight to finish,sport,article-sep-0082
September,Moya clinches Cup for Spain,sport,article-sep-3128
September,Newcastle 27-27 Gloucester,sport,article-sep-4623
September,O'Driscoll saves Irish blushes,sport,article-sep-0592
September,O'Sullivan could run in Worlds,sport,article-sep-1313
September,Old Firm pair handed suspensions,sport,article-sep-1672
September,Online News leads interactive Bafta wins,technology,article-sep-0863
September,Palestinian economy in decline,business,article-sep-1411
September,Putting a face to 'Big Brother',technology,article-sep-3583
September,Rich grab half Colombia poor fund,business,article-sep-2426
September,Russia gets investment blessing,business,article-sep-3558
September,Saab to build Cadillacs in Sweden,business,article-sep-1539
September,Security warning over 'FBI virus',technology,article-sep-3347
September,Spain coach faces racism inquiry,sport,article-sep-2082
September,Spam e-mails tempt net shoppers,technology,article-sep-4027
September,Sporting rivals go to extra time,technology,article-sep-4329
September,Standard Life cuts policy bonuses,business,article-sep-4851
September,Stormy year for property insurers,business,article-sep-1519
September,Swap offer for pirated Windows XP,technology,article-sep-1782
September,Sydney return for Henin-Hardenne,sport,article-sep-4130
September,Takeover rumour lifts Exel shares,business,article-sep-2601
September,Tanzania gets Fifa backing,sport,article-sep-0226
September,Technology hijacked sports,technology,article-sep-2914
September,Tough rules for ringtone sellers,technology,article-sep-0174
September,Trial date is set for Balco case,sport,article-sep-4443
September,UK house prices dip in November,business,article-sep-0063
September,UK interest rates held at 4.75%,business,article-sep-4940
September,Venezuela identifies 'idle' farms,business,article-sep-2528
September,Verdict delay for Greek sprinters,sport,article-sep-4107
September,Verizon 'seals takeover of MCI',business,article-sep-2374
September,Vodafone appoints new Japan boss,business,article-sep-3813
September,WMC says Xstrata bid is too low,business,article-sep-2892
September,Warnings on woeful wi-fi security,technology,article-sep-0388
September,Wembley firm won't make a profit,business,article-sep-3414
September,Will Manchester United plc Short Squeeze Soon,business,article-sep-2293
September,Worldcom director ends evidence,business,article-sep-1752
September,Yeading face Newcastle in FA Cup,sport,article-sep-2040
September,Yukos owner sues Russia for $28bn,business,article-sep-0237
September,Yukos unit buyer faces loan claim,business,article-sep-2517
October,A need to limit foreign numbers,sport,article-oct-3861
October,Apple iPod family expands market,technology,article-oct-0443
October,Apple sues 'Tiger' file sharers,technology,article-oct-0777
October,Apple sues to stop product leaks,technology,article-oct-1914
October,Athens memories soar above lows,sport,article-oct-2035
October,Ban hits Half-Life 2 pirates hard,technology,article-oct-0709
October,Bath faced with Tindall ultimatum,sport,article-oct-1226
October,Bellamy fined after row,sport,article-oct-0945
October,Brazil approves bankruptcy reform,business,article-oct-1295
October,Britain boosted by Holmes double,sport,article-oct-4199
October,Britons fed up with net service,technology,article-oct-0924
October,Cactus diet deal for Phytopharm,business,article-oct-3880
October,Call centre users 'lose patience',business,article-oct-3790
October,Call for Kenteris to be cleared,sport,article-oct-3326
October,Call for action on internet scam,technology,article-oct-1924
October,Camera phones are 'must-haves',technology,article-oct-3040
October,China's Shanda buys stake in Sina,business,article-oct-1787
October,Chip maker backs net phone calls,technology,article-oct-2701
October,Article no longer available in archive,N/A,N/A
October,Cole refuses to blame van Persie,sport,article-oct-2317
October,Collins appeals against drugs ban,sport,article-oct-0300
October,Consumers drive French economy,business,article-oct-4879
October,Crusaders 2-3 Ballymena United,sport,article-oct-0163
October,Desailly backs Blues revenge trip,sport,article-oct-4089
October,Digital guru floats sub-$100 PC,technology,article-oct-4812
October,Doors open at biggest gadget fair,technology,article-oct-4850
October,Double injury blow strikes Wales,sport,article-oct-3470
October,EU software patent law faces axe,technology,article-oct-4758
October,Ebbers 'aware' of WorldCom fraud,business,article-oct-2145
October,England given tough Sevens draw,sport,article-oct-3548
October,Europe backs digital TV lifestyle,technology,article-oct-3256
October,Executive trio leave Aer Lingus,business,article-oct-4836
October,FA Cup losing its sheen,sport,article-oct-2748
October,Fast moving phone viruses appear,technology,article-oct-0832
October,Featured: 'Standoff' on Deutsche's LSE bid,business,article-oct-2828
October,Featured: 'Ultimate game' award for Doom 3,technology,article-oct-0817
October,Federer joins all-time greats,sport,article-oct-2348
October,Formula 1: US-Qatari investors 'to bid for sport',sport,article-oct-1261
October,Fosters buys stake in winemaker,business,article-oct-0898
October,French consumer spending rising,business,article-oct-1441
October,Games 'deserve a place in class',technology,article-oct-0064
October,Gatlin and Hayes win Owen awards,sport,article-oct-2801
October,German bidder in talks with LSE,business,article-oct-2209
October,Global blogger action day called,technology,article-oct-2955
October,Greece defy the odds at Euro 2004,sport,article-oct-3459
October,Greek pair set for hearing,sport,article-oct-4140
October,Halo fans' hope for sequel,technology,article-oct-4990
October,Hariri killing hits Beirut shares,business,article-oct-3207
October,Hodgson relishes European clashes,sport,article-oct-0844
October,Hong Kong in 2011 World Cup bid,sport,article-oct-2177
October,IAAF will contest Greek decision,sport,article-oct-3103
October,IBM puts cash behind Linux push,technology,article-oct-4815
October,IMF agrees fresh Turkey funding,business,article-oct-4038
October,India and Iran in gas export deal,business,article-oct-1049
October,India power shares jump on debut,business,article-oct-1011
October,India's Deccan seals $1.8bn deal,business,article-oct-0417
October,Indian oil firm eyes Yukos assets,business,article-oct-3162
October,Israeli economy picking up pace,business,article-oct-0421
October,Japan bank shares up on link talk,business,article-oct-2333
October,Japanese mogul arrested for fraud,business,article-oct-4803
October,Kewell waits as injury drags on,sport,article-oct-1193
October,Khodorkovsky ally denies charges,business,article-oct-4546
October,Leeds v Saracens (Fri),sport,article-oct-0057
October,Liverpool pledge to keep Gerrard,sport,article-oct-4981
October,Llewellyn plans Wales retirement,sport,article-oct-4914
October,Lloyd's of London head chides FSA,business,article-oct-1753
October,Mauresmo opens with victory in LA,sport,article-oct-2102
October,Article no longer available in archive,N/A,N/A
October,Metlife buys up Citigroup insurer,business,article-oct-2774
October,Microsoft seeking spyware trojan,technology,article-oct-4605
October,Mobile audio enters new dimension,technology,article-oct-3910
October,Mobile networks seek turbo boost,technology,article-oct-2454
October,Movie body targets children's PCs,technology,article-oct-0059
October,Napster offers rented music to go,technology,article-oct-0992
October,New business technology trends,technology,article-oct-2740
October,Nike defends under-fire football,sport,article-oct-2886
October,Nintendo handheld given Euro date,technology,article-oct-4166
October,Nissan names successor to Ghosn,business,article-oct-2188
October,Nuclear body seeks new tech,technology,article-oct-4084
October,Oil prices reach three-month low,business,article-oct-2574
October,Open source leaders slam patents,technology,article-oct-3663
October,Owen determined to stay in Madrid,sport,article-oct-2181
October,Owen set for skipper role,sport,article-oct-0999
October,Peer-to-peer nets 'here to stay',technology,article-oct-2121
October,Pension hitch for long-living men,business,article-oct-2094
October,Article no longer available in archive,N/A,N/A
October,Radcliffe enjoys winning comeback,sport,article-oct-2301
October,Reboot ordered for EU patent law,technology,article-oct-0815
October,Article no longer available in archive,N/A,N/A
October,Relay squad thrilled with honours,sport,article-oct-3222
October,Reyes tricked into Real admission,sport,article-oct-4804
October,Rings of steel combat net attacks,technology,article-oct-1215
October,Rivals back anti-racism campaign,sport,article-oct-2080
October,Ryanair in $4bn Boeing plane deal,business,article-oct-0412
October,SA supports Fifa control,sport,article-oct-3387
October,Safin relieved at Aussie recovery,sport,article-oct-3524
October,Article no longer available in archive,N/A,N/A
October,Scotland 18-10 Italy,sport,article-oct-0580
October,Sculthorpe wants Lions captaincy,sport,article-oct-0746
October,Sluggish economy hits German jobs,business,article-oct-1921
October,Souness backs Smith for Scotland,sport,article-oct-0382
October,Speak easy plan for media players,technology,article-oct-1007
October,Steady job growth continues in US,business,article-oct-3749
October,Sun offers processing by the hour,technology,article-oct-3029
October,Supercomputer breaks speed record,technology,article-oct-0721
October,TV future in the hands of viewers,technology,article-oct-0108
October,Tate & Lyle boss bags top award,business,article-oct-3547
October,Taylor poised for Scotland return,sport,article-oct-0113
October,Tevez - an Argentine in Brazil,sport,article-oct-0512
October,Tough rules for ringtone sellers,technology,article-oct-1276
October,Tsunami cost hits Jakarta shares,business,article-oct-0911
October,Two Nigerian banks set to merge,business,article-oct-2527
October,UK net users leading TV downloads,technology,article-oct-0621
October,US bank 'loses' customer details,business,article-oct-1756
October,US duo in first spam conviction,technology,article-oct-3563
October,US firm pulls out of Iraq,business,article-oct-3862
October,US gives foreign firms extra time,business,article-oct-2448
October,US prepares for hybrid onslaught,business,article-oct-1751
October,Van Nistelrooy hungry for return,sport,article-oct-1516
October,WMC profits up amid bid criticism,business,article-oct-3160
October,Web logs aid disaster recovery,technology,article-oct-0660
October,Article no longer available in archive,N/A,N/A
October,Wenger offers Mutu hope,sport,article-oct-2835
October,What now for Kelly Holmes?,sport,article-oct-4649
October,"Why technology in sport poses a threat to keeping the game fair, safe and affordable",sport,article-oct-3920
October,Williams battles to Aussie title,sport,article-oct-2293
October,WorldCom director admits lying,business,article-oct-2189
October,Yukos bankruptcy 'not US matter',business,article-oct-4749
November,All Black magic: New Zealand rugby,sport,article-nov-3410
November,Anelka 'eyes Man City departure',sport,article-nov-3432
November,Apple Mac mini gets warm welcome,technology,article-nov-3526
November,Apple laptop is 'greatest gadget',technology,article-nov-1412
November,Asia quake increases poverty risk,business,article-nov-2347
November,Ask Jeeves joins web log market,technology,article-nov-2329
November,Australia rates at four year high,business,article-nov-0186
November,BMW reveals new models pipeline,business,article-nov-0386
November,BMW to recall faulty diesel cars,business,article-nov-1815
November,Ban on forced retirement under 65,business,article-nov-3071
November,Bank opts to leave rates on hold,business,article-nov-3512
November,Bank voted 8-1 for no rate change,business,article-nov-3037
November,Barclays profits hit record level,business,article-nov-4414
November,Beckham rules out management move,sport,article-nov-4953
November,Boeing secures giant Japan order,business,article-nov-2298
November,Bookies pay out on Spurs 'goal',sport,article-nov-3205
November,Booming markets shed few tears,business,article-nov-0449
November,Borders 19-20 Ulster,sport,article-nov-4384
November,Bortolami predicts dour contest,sport,article-nov-4904
November,Brentford v Southampton,sport,article-nov-3590
November,Bridge could miss rest of season,sport,article-nov-3584
November,Britons growing 'digitally obese',technology,article-nov-4254
November,Broadband fuels online change,technology,article-nov-2334
November,Budget Aston takes on Porsche,business,article-nov-2909
November,Campbell rescues Arsenal,sport,article-nov-3579
November,Car giant hit by Mercedes slump,business,article-nov-2737
November,Celtic unhappy over Bulgaria date,sport,article-nov-4176
November,Collins to compete in Birmingham,sport,article-nov-1674
November,Computer grid to help the world,technology,article-nov-1801
November,Connors' rallying cry for British tennis,sport,article-nov-4606
November,Consumers 'snub portable video',technology,article-nov-2647
November,Court rejects $280bn tobacco case,business,article-nov-3091
November,Criminal probe on Citigroup deals,business,article-nov-2546
November,Dawson joins England injury list,sport,article-nov-4461
November,Desailly backs Blues revenge trip,sport,article-nov-2714
November,Article no longer available in archive,N/A,N/A
November,Digital UK driven by net and TV,technology,article-nov-2130
November,Disney settles disclosure charges,business,article-nov-3500
November,Downing injury mars Uefa victory,sport,article-nov-1451
November,Duff ruled out of Barcelona clash,sport,article-nov-0372
November,ECB holds rates amid growth fears,business,article-nov-4242
November,EU software patent law delayed,technology,article-nov-2953
November,Fiat mulls Ferrari market listing,business,article-nov-1329
November,Finding new homes for old phones,technology,article-nov-2527
November,Firefox browser takes on Microsoft,technology,article-nov-3879
November,France starts digital terrestrial,technology,article-nov-4060
November,G7 backs Africa debt relief plan,business,article-nov-3626
November,GB select Holmes for double bid,sport,article-nov-3702
November,"GM, Ford cut output as sales fall",business,article-nov-0130
November,Gallas sees two-horse race,sport,article-nov-4260
November,Games enter the classroom,technology,article-nov-3907
November,Gardener battles to narrow win,sport,article-nov-0746
November,Gold falls on IMF sale concerns,business,article-nov-0232
November,Green reports shun supply chain,business,article-nov-1428
November,Half-Life 2 sweeps Bafta awards,technology,article-nov-1085
November,Hearts 2-1 Livingston,sport,article-nov-1407
November,Hingis to make unexpected return,sport,article-nov-3342
November,Hitzlsperger waiting on O'Leary,sport,article-nov-4180
November,How to make a greener computer,technology,article-nov-1466
November,IAAF to rule on Greek sprint pair,sport,article-nov-4049
November,IMF 'cuts' German growth estimate,business,article-nov-4897
November,Indonesians face fuel price rise,business,article-nov-0748
November,Internet boom for gift shopping,technology,article-nov-1277
November,Iranian misses Israel match,sport,article-nov-0580
November,Japanese banking battle at an end,business,article-nov-3296
November,Johnson announces June retirement,sport,article-nov-4356
November,Johnson edges out rival Sotherton,sport,article-nov-3617
November,Jol joy at 'professional' Cup win,sport,article-nov-1260
November,Jones files Conte lawsuit,sport,article-nov-0628
November,Junk e-mails on relentless rise,technology,article-nov-0654
November,Karachi stocks hit historic high,business,article-nov-0518
November,Kenyan school turns to handhelds,technology,article-nov-2968
November,Looks and music to drive mobiles,technology,article-nov-3867
November,McDonald's to sponsor MTV show,business,article-nov-0420
November,Mexicans tracking unhappy Juninho,sport,article-nov-4250
November,Microsoft gets the blogging bug,technology,article-nov-4495
November,Article no longer available in archive,N/A,N/A
November,Millions go missing at China bank,business,article-nov-2769
November,Mobile music challenges 'iPod age',technology,article-nov-1623
November,Moody joins up with England,sport,article-nov-4572
November,Mourinho defiant on Chelsea form,sport,article-nov-1118
November,Movie body hits peer-to-peer nets,technology,article-nov-4319
November,Moya emotional at Davis Cup win,sport,article-nov-0662
November,Newry to fight cup exit in courts,sport,article-nov-0319
November,Norway upholds 'Napster' ruling,technology,article-nov-1730
November,Online News web search aids odd queries,technology,article-nov-4517
November,PC photo printers challenge pros,technology,article-nov-1386
November,Palace threat over Cantona masks,sport,article-nov-3935
November,Parmalat bank barred from suing,business,article-nov-0317
November,Pennant guilty of wasting talent,sport,article-nov-0906
November,Player burn-out worries Robinson,sport,article-nov-2832
November,Qwest may spark MCI bidding war,business,article-nov-1255
November,Rank 'set to sell off film unit',business,article-nov-4235
November,Reaction from Spanish press,sport,article-nov-2326
November,Retail sales show festive fervour,business,article-nov-1637
November,Roddick to face Saulnier in final,sport,article-nov-0761
November,Article no longer available in archive,N/A,N/A
November,Rush future at Chester uncertain,sport,article-nov-4428
November,Russian oil merger excludes Yukos,business,article-nov-4174
November,S Korean credit card firm rescued,business,article-nov-2399
November,Scrum-half Williams rejoins Bath,sport,article-nov-2282
November,Smartphones suffer Skulls attack,technology,article-nov-1288
November,Software watching while you work,technology,article-nov-3650
November,Sports Direct investors veto £11m payout to Ashley's brother,sport,article-nov-0435
November,Survey confirms property slowdown,business,article-nov-1149
November,Tartan Army given safety pledge,sport,article-nov-0147
November,Teenager Tait picked for England,sport,article-nov-1264
November,Text message record smashed again,technology,article-nov-2018
November,Thomas out of Six Nations,sport,article-nov-2115
November,Tobacco giants hail court ruling,business,article-nov-4659
November,Toxic web links help virus spread,technology,article-nov-2397
November,Tsunami slows Sri Lanka's growth,business,article-nov-1341
November,UK young top Euro earnings league,business,article-nov-3574
November,US duo in first spam conviction,technology,article-nov-2226
November,US regulator to rule on pain drug,business,article-nov-0560
November,US state acts to stop 'spammers',technology,article-nov-4374
November,US to probe airline travel chaos,business,article-nov-0575
November,Wales hails new superstar,sport,article-nov-1388
November,Article no longer available in archive,N/A,N/A
November,Wall Street cheers Bush victory,business,article-nov-3587
November,What price for 'trusted PC security'?,technology,article-nov-0584
November,Wilkinson to lead England,sport,article-nov-4426
November,Windows worm travels with Tetris,technology,article-nov-2469
November,Winter freeze keeps oil above $50,business,article-nov-1794
November,Worldcom ex-boss launches defence,business,article-nov-1348
December,2004 - A year to remember,sport,article-dec-0244
December,Absa and Barclays talks continue,business,article-dec-0895
December,Ask Jeeves joins web log market,technology,article-dec-4490
December,Ask Jeeves tips online ad revival,business,article-dec-0891
December,BMW cash to fuel Mini production,business,article-dec-0672
December,Bad e-mail habits sustains spam,technology,article-dec-3487
December,Bad weather hits Nestle sales,business,article-dec-0478
December,Barbarians 19-47 New Zealand,sport,article-dec-2633
December,Big guns ease through in San Jose,sport,article-dec-4269
December,Blues slam Blackburn over Savage,sport,article-dec-1656
December,Borussia Dortmund near bust,business,article-dec-3628
December,Brazil buy boosts Belgium's Inbev,business,article-dec-2267
December,Broadband soars in 2004,technology,article-dec-4194
December,China 'ripe' for media explosion,technology,article-dec-2360
December,China continues breakneck growth,business,article-dec-2956
December,Chinese wine tempts Italy's Illva,business,article-dec-4469
December,Consumer spending lifts US growth,business,article-dec-2115
December,Could Yukos be a blessing in disguise?,business,article-dec-0625
December,Cup holders Man Utd visit Everton,sport,article-dec-2771
December,D'Arcy injury adds to Ireland woe,sport,article-dec-0788
December,Dallaglio eyeing Lions tour place,sport,article-dec-1911
December,Delta cuts fares in survival plan,business,article-dec-3413
December,Dollar gains on Greenspan speech,business,article-dec-0038
December,Article no longer available in archive,N/A,N/A
December,Dozens held over ID fraud site,technology,article-dec-0035
December,Economy 'strong' in election year,business,article-dec-4444
December,Edu describes tunnel fracas,sport,article-dec-4307
December,European medal chances improve,sport,article-dec-4450
December,Federer breezes into semi-finals,sport,article-dec-3044
December,Federer claims Dubai crown,sport,article-dec-3401
December,Ferdinand casts doubt over Glazer,sport,article-dec-1775
December,File-swappers ready new network,technology,article-dec-2589
December,France Telecom gets Orange boost,business,article-dec-3264
December,Game firm holds 'cast' auditions,technology,article-dec-0784
December,Games maker fights for survival,technology,article-dec-2635
December,Article no longer available in archive,N/A,N/A
December,Games win for Blu-ray DVD format,technology,article-dec-3589
December,Gizmondo gadget hits the shelves,technology,article-dec-3518
December,Glaxo aims high after profit fall,business,article-dec-0473
December,Global digital divide 'narrowing',technology,article-dec-2110
December,Google shares fall as staff sell,business,article-dec-2790
December,Hamm bows out for US,sport,article-dec-0180
December,Harinordoquy suffers France axe,sport,article-dec-3784
December,Hewitt overcomes wobble in Sydney,sport,article-dec-3423
December,Hollywood campaign hits websites,technology,article-dec-4596
December,House prices rebound says Halifax,business,article-dec-1585
December,India calls for fair trade rules,business,article-dec-2351
December,India opens skies to competition,business,article-dec-2624
December,Industrial output falls in Japan,business,article-dec-1865
December,Irish markets reach all-time high,business,article-dec-0232
December,Japan narrowly escapes recession,business,article-dec-4377
December,Japan turns to beer alternatives,business,article-dec-4926
December,Joke e-mail virus tricks users,technology,article-dec-1263
December,Jones files lawsuit against Conte,sport,article-dec-1718
December,Jones happy with Henson heroics,sport,article-dec-2008
December,Jones medals 'must go if guilty',sport,article-dec-4999
December,Lewsey puzzle over disallowed try,sport,article-dec-3411
December,Lifestyle 'governs mobile choice',technology,article-dec-2288
December,Linesman defends disallowed goal,sport,article-dec-1460
December,London Irish 19-33 Wasps,sport,article-dec-3392
December,Melzer shocks Agassi,sport,article-dec-0393
December,Microsoft plans 'safer ID' system,technology,article-dec-1629
December,Millions to miss out on the net,technology,article-dec-1156
December,Mobile games come of age,technology,article-dec-0557
December,Article no longer available in archive,N/A,N/A
December,Mobile gig aims to rock 3G,technology,article-dec-4844
December,Moya fights back for Indian title,sport,article-dec-3260
December,Multi-purpose TV aids India,technology,article-dec-1963
December,Munster Cup tie switched to Spain,sport,article-dec-3608
December,Nortel in $300m profit revision,business,article-dec-4161
December,Officials respond in court row,sport,article-dec-0910
December,Oil rebounds from weather effect,business,article-dec-4820
December,Parry firm over Gerrard,sport,article-dec-2402
December,Parry puts Gerrard 'above money',sport,article-dec-1135
December,Piero gives rugby perspective,technology,article-dec-0909
December,Players sought for $1m prize,technology,article-dec-4678
December,QPR keeper Day heads for Preston,sport,article-dec-0712
December,Renault boss hails 'great year',business,article-dec-0481
December,Report: Benitez delight after crucial win,technology,article-dec-3993
December,Rings of steel combat net attacks,technology,article-dec-3175
December,Saudi NCCI's shares soar,business,article-dec-3052
December,Savvy searchers fail to spot ads,technology,article-dec-3186
December,Scots suffer another injury blow,sport,article-dec-0204
December,Search wars hit desktop PCs,technology,article-dec-4675
December,Security warning over 'FBI virus',technology,article-dec-2813
December,Slow start to speedy net services,technology,article-dec-3030
December,Sony PSP handheld console hits US,technology,article-dec-3403
December,Sony PSP tipped as a 'must-have',technology,article-dec-2445
December,Stevens named in England line-up,sport,article-dec-4353
December,T-Mobile bets on 'pocket office',technology,article-dec-2117
December,Takeover offer for Sunderland FC,business,article-dec-3966
December,The future in your pocket,technology,article-dec-1690
December,The gloves are off,sport,article-dec-3207
December,Tigers wary of Farrell 'gamble',sport,article-dec-2963
December,Troubled Marsh under SEC scrutiny,business,article-dec-2023
December,UK gets official virus alert site,technology,article-dec-2397
December,US blogger fired by her airline,technology,article-dec-3903
December,US company admits Benin bribery,business,article-dec-3692
December,US seeks new $280bn smoker ruling,business,article-dec-0367
December,US woman sues over cartridges,technology,article-dec-3169
December,Uefa approves fake grass,sport,article-dec-0271
December,Article no longer available in archive,N/A,N/A
December,Unclear future for striker Baros,sport,article-dec-4210
December,Venezuela reviews foreign deals,business,article-dec-0983
December,Vickery out of Six Nations,sport,article-dec-3570
December,Wales make two changes for France,sport,article-dec-2331
December,Warning over tsunami aid website,technology,article-dec-3694
December,Weak dollar hits Online News,business,article-dec-1576
December,Wenger dejected as Arsenal slump,sport,article-dec-4918
December,What high-definition will do to DVDs,technology,article-dec-2759
December,What's next for next-gen consoles?,technology,article-dec-4347
December,Why few targets are better than many,business,article-dec-3179
December,Wi-fi web reaches farmers in Peru,technology,article-dec-1456
December,Woodward eyes Brennan for Lions,sport,article-dec-2238
December,WorldCom trial starts in New York,business,article-dec-2334
December,Yukos accused of lying to court,business,article-dec-2095
December,Yukos drops banks from court bid,business,article-dec-1351
December,Zambia confident and cautious,sport,article-dec-0068
